{
  "ultimate_goal": {
    "x": 21.0,
    "y": 1.2
  },
  "active_goal": {
    "x": 13.338575176813368,
    "y": 1.9683382456487477
  },
  "pois": []
}
