{
  "ultimate_goal": {
    "x": 2.5,
    "y": 14.0
  },
  "active_goal": {
    "x": 1.1074070479469935,
    "y": 18.133321512753184
  },
  "pois": []
}
